{"cameraMode":{"drawMode":0,"name":"Shaded","section":"Shading Mode"},"sceneLighting":false,"audioPlay":false,"sceneViewState":{"showFog":true,"showMaterialUpdate":true,"showSkybox":true,"showFlares":true,"showImageEffects":true,"showParticleSystems":true},"in2DMode":false,"pivot":{"x":517.6400146484375,"y":41.14738464355469,"z":373.1600036621094},"rotation":{"x":0.012908213771879673,"y":0.7303383350372315,"z":-0.013803173787891865,"w":0.6828320026397705},"size":72.7738265991211,"orthographic":true}