{"cameraMode":{"drawMode":0,"name":"Shaded","section":"Shading Mode"},"sceneLighting":false,"audioPlay":false,"sceneViewState":{"showFog":true,"showMaterialUpdate":true,"showSkybox":true,"showFlares":true,"showImageEffects":true,"showParticleSystems":true},"in2DMode":false,"pivot":{"x":36.133331298828128,"y":1.8162174224853516,"z":80.79288482666016},"rotation":{"x":-0.35043376684188845,"y":-0.24233250319957734,"z":0.09439201653003693,"w":-0.8997724652290344},"size":25.16715431213379,"orthographic":true}