{"cameraMode":{"drawMode":0,"name":"Shaded","section":"Shading Mode"},"sceneLighting":false,"audioPlay":false,"sceneViewState":{"showFog":true,"showMaterialUpdate":true,"showSkybox":true,"showFlares":true,"showImageEffects":true,"showParticleSystems":true},"in2DMode":false,"pivot":{"x":23.356000900268556,"y":2.3239998817443849,"z":96.61799621582031},"rotation":{"x":-0.060308292508125308,"y":0.9323185086250305,"z":-0.1841421276330948,"w":-0.30534306168556216},"size":6.30925989151001,"orthographic":true}