{"cameraMode":{"drawMode":0,"name":"Shaded","section":"Shading Mode"},"sceneLighting":false,"audioPlay":false,"sceneViewState":{"showFog":true,"showMaterialUpdate":true,"showSkybox":true,"showFlares":true,"showImageEffects":true,"showParticleSystems":true},"in2DMode":false,"pivot":{"x":34.40999984741211,"y":1.9799998998641968,"z":83.30999755859375},"rotation":{"x":-0.060308292508125308,"y":0.9323185086250305,"z":-0.1841421276330948,"w":-0.30534306168556216},"size":2.8592283725738527,"orthographic":true}