{"cameraMode":{"drawMode":0,"name":"Shaded","section":"Shading Mode"},"sceneLighting":false,"audioPlay":false,"sceneViewState":{"showFog":true,"showMaterialUpdate":true,"showSkybox":true,"showFlares":true,"showImageEffects":true,"showParticleSystems":true},"in2DMode":false,"pivot":{"x":754.7999877929688,"y":1.5999999046325684,"z":289.1000061035156},"rotation":{"x":-0.013879552483558655,"y":-0.26582950353622439,"z":0.0038280095905065538,"w":-0.9639136791229248},"size":5.7157673835754398,"orthographic":false}