{"cameraMode":{"drawMode":0,"name":"Shaded","section":"Shading Mode"},"sceneLighting":false,"audioPlay":false,"sceneViewState":{"showFog":true,"showMaterialUpdate":true,"showSkybox":true,"showFlares":true,"showImageEffects":true,"showParticleSystems":true},"in2DMode":false,"pivot":{"x":36.26572799682617,"y":1.7943377494812012,"z":78.65673828125},"rotation":{"x":-0.3379591703414917,"y":0.28250184655189516,"z":-0.10709693282842636,"w":-0.8913670778274536},"size":4.161193370819092,"orthographic":true}