{"cameraMode":{"drawMode":0,"name":"Shaded","section":"Shading Mode"},"sceneLighting":false,"audioPlay":false,"sceneViewState":{"showFog":true,"showMaterialUpdate":true,"showSkybox":true,"showFlares":true,"showImageEffects":true,"showParticleSystems":true},"in2DMode":false,"pivot":{"x":34.107269287109378,"y":1.0951966047286988,"z":82.34176635742188},"rotation":{"x":-0.3431790769100189,"y":0.22050459682941438,"z":-0.08319606631994248,"w":-0.9092384576797485},"size":145.26023864746095,"orthographic":true}