{"cameraMode":{"drawMode":0,"name":"Shaded","section":"Shading Mode"},"sceneLighting":true,"audioPlay":false,"sceneViewState":{"showFog":true,"showMaterialUpdate":false,"showSkybox":true,"showFlares":true,"showImageEffects":true,"showParticleSystems":true},"in2DMode":false,"pivot":{"x":89.8193130493164,"y":11.753009796142579,"z":73.38313293457031},"rotation":{"x":0.14963532984256745,"y":0.19730404019355775,"z":-0.030491292476654054,"w":0.9683791995048523},"size":3.231602907180786,"orthographic":false}